{
  "results": [
    {
      "command": "worker-2",
      "mean": 1.7969782774599998,
      "stddev": 0.04179619949880545,
      "median": 1.80052364846,
      "user": 5.0204505,
      "system": 0.42143552,
      "min": 1.74416866946,
      "max": 1.8651092524600001,
      "times": [
        1.81966633546,
        1.74416866946,
        1.79950958646,
        1.7815292114599999,
        1.75277471046,
        1.80153771046,
        1.74482516946,
        1.81283421046,
        1.8651092524600001,
        1.84782791846
      ],
      "memory_usage_byte": [
        886128640,
        886128640,
        886128640,
        930004992,
        930004992,
        945209344,
        945209344,
        945209344,
        945209344,
        945209344
      ],
      "exit_codes": [
        0,
        0,
        0,
        0,
        0,
        0,
        0,
        0,
        0,
        0
      ]
    },
    {
      "command": "worker-4",
      "mean": 1.46865708576,
      "stddev": 0.0547082552340694,
      "median": 1.44900787696,
      "user": 7.405147500000001,
      "system": 0.6570991199999999,
      "min": 1.4061128354599999,
      "max": 1.56657537746,
      "times": [
        1.48136246146,
        1.43512291946,
        1.44021491846,
        1.4061128354599999,
        1.4234698774599999,
        1.56657537746,
        1.4214275434599999,
        1.5338554194599998,
        1.45780083546,
        1.52062866946
      ],
      "memory_usage_byte": [
        1316536320,
        1380581376,
        1391116288,
        1400078336,
        1400078336,
        1400078336,
        1400078336,
        1400078336,
        1400078336,
        1402093568
      ],
      "exit_codes": [
        0,
        0,
        0,
        0,
        0,
        0,
        0,
        0,
        0,
        0
      ]
    },
    {
      "command": "worker-8",
      "mean": 1.8923280233600004,
      "stddev": 0.13768838076632864,
      "median": 1.83069698146,
      "user": 12.69747,
      "system": 1.34332552,
      "min": 1.73089266946,
      "max": 2.18857350246,
      "times": [
        1.82315021046,
        1.73089266946,
        1.80376116946,
        2.03439875246,
        1.8382437524600002,
        1.89797725246,
        1.80481041946,
        1.98206446146,
        2.18857350246,
        1.81940804346
      ],
      "memory_usage_byte": [
        2085126144,
        2085126144,
        2085126144,
        2085126144,
        2085126144,
        2085126144,
        2085126144,
        2085126144,
        2085126144,
        2085126144
      ],
      "exit_codes": [
        0,
        0,
        0,
        0,
        0,
        0,
        0,
        0,
        0,
        0
      ]
    }
  ]
}
