{
  "results": [
    {
      "command": "ordinary",
      "mean": 2.7137247508,
      "stddev": 0.16746164612635916,
      "median": 2.7230128388,
      "user": 4.123854719999999,
      "system": 0.33121754000000003,
      "min": 2.4836285053,
      "max": 2.9880770053,
      "times": [
        2.8762214213,
        2.6464713803,
        2.6138075463,
        2.8297149633,
        2.7996676713,
        2.7995542973,
        2.4836285053,
        2.5772702133,
        2.9880770053,
        2.5228345043
      ],
      "memory_usage_byte": [
        839368704,
        839368704,
        839368704,
        839368704,
        839368704,
        839368704,
        839368704,
        839368704,
        839368704,
        839368704
      ],
      "exit_codes": [
        0,
        0,
        0,
        0,
        0,
        0,
        0,
        0,
        0,
        0
      ]
    },
    {
      "command": "worker-1",
      "mean": 2.7092012966,
      "stddev": 0.08948142624718805,
      "median": 2.6722437553000002,
      "user": 3.9968038200000002,
      "system": 0.30279804,
      "min": 2.6236351712999997,
      "max": 2.8826285043,
      "times": [
        2.6236351712999997,
        2.6634607973,
        2.6505557552999996,
        2.7449976303,
        2.6385370473,
        2.6432497962999997,
        2.7222691713,
        2.8416523792999997,
        2.6810267133,
        2.8826285043
      ],
      "memory_usage_byte": [
        839368704,
        839368704,
        839368704,
        839368704,
        839368704,
        937459712,
        937459712,
        937459712,
        937459712,
        937459712
      ],
      "exit_codes": [
        0,
        0,
        0,
        0,
        0,
        0,
        0,
        0,
        0,
        0
      ]
    }
  ]
}
