{
  "results": [
    {
      "command": "ordinary",
      "mean": 4.021824414999999,
      "stddev": 0.008567010106491038,
      "median": 4.0182554563999995,
      "user": 4.3879817,
      "system": 0.36628188,
      "min": 4.0162427484,
      "max": 4.036846415399999,
      "times": [
        4.0182554563999995,
        4.0207306233999995,
        4.0162427484,
        4.0170468314,
        4.036846415399999
      ],
      "memory_usage_byte": [
        672841728,
        672841728,
        675201024,
        675201024,
        675201024
      ],
      "exit_codes": [
        0,
        0,
        0,
        0,
        0
      ]
    },
    {
      "command": "worker-1",
      "mean": 4.4466729655999995,
      "stddev": 0.008240306226129956,
      "median": 4.448125957399999,
      "user": 4.449502900000001,
      "system": 0.39754988,
      "min": 4.4376100824,
      "max": 4.4566665824,
      "times": [
        4.4376100824,
        4.4389753324,
        4.448125957399999,
        4.4519868734,
        4.4566665824
      ],
      "memory_usage_byte": [
        702169088,
        702169088,
        702169088,
        702169088,
        702234624
      ],
      "exit_codes": [
        0,
        0,
        0,
        0,
        0
      ]
    },
    {
      "command": "worker-2",
      "mean": 2.3880820068000004,
      "stddev": 0.037300918598664745,
      "median": 2.3715133324,
      "user": 4.5358845,
      "system": 0.47466108,
      "min": 2.3526651644000003,
      "max": 2.4434603324000004,
      "times": [
        2.3526651644000003,
        2.4434603324000004,
        2.3644305814,
        2.4083406234000004,
        2.3715133324
      ],
      "memory_usage_byte": [
        705445888,
        705445888,
        705445888,
        705445888,
        705445888
      ],
      "exit_codes": [
        0,
        0,
        0,
        0,
        0
      ]
    },
    {
      "command": "worker-4",
      "mean": 1.3952591152000002,
      "stddev": 0.03709847414184336,
      "median": 1.3910908734,
      "user": 4.5963613,
      "system": 0.55789908,
      "min": 1.3527737904,
      "max": 1.4548158734,
      "times": [
        1.3910908734,
        1.3527737904,
        1.3836812904,
        1.3939337484,
        1.4548158734
      ],
      "memory_usage_byte": [
        727285760,
        727285760,
        727285760,
        727285760,
        727285760
      ],
      "exit_codes": [
        0,
        0,
        0,
        0,
        0
      ]
    },
    {
      "command": "worker-8",
      "mean": 0.96305759,
      "stddev": 0.037677646214260306,
      "median": 0.9555873734,
      "user": 4.7304333,
      "system": 0.54063828,
      "min": 0.9236241234,
      "max": 1.0204239153999999,
      "times": [
        0.9768261234000001,
        0.9555873734,
        0.9236241234,
        0.9388264144,
        1.0204239153999999
      ],
      "memory_usage_byte": [
        782483456,
        782483456,
        785694720,
        792248320,
        792248320
      ],
      "exit_codes": [
        0,
        0,
        0,
        0,
        0
      ]
    }
  ]
}
